{
 "Mac-226CB3C6A851A671": "latest", 
 "Mac-031B6874CF7F642A": "10.15.7", 
 "Mac-27AD2F918AE68F61": "latest", 
 "Mac-AA95B1DDAB278B95": "latest", 
 "Mac-66E35819EE2D0D05": "latest", 
 "Mac-7BA5B2D9E42DDD94": "latest", 
 "Mac-7BA5B2794B2CDB12": "10.13.6", 
 "Mac-06F11F11946D27C5": "latest", 
 "Mac-AFD8A9D944EA4843": "10.15.7", 
 "Mac-942B59F58194171B": "10.13.6", 
 "Mac-B809C3757DA9BB8D": "latest", 
 "Mac-7DF2A3B5E5D671ED": "10.15.7", 
 "Mac-35C1E88140C3E6CF": "11.6.2", 
 "Mac-942459F5819B171B": "10.13.6", 
 "Mac-77EB7D7DAF985301": "10.15.7", 
 "Mac-827FB448E656EC26": "latest", 
 "Mac-7BA5B2DFE22DDD8C": "latest", 
 "Mac-2E6FAB96566FE58C": "10.15.7", 
 "Mac-F2208EC8": "10.13.6", 
 "Mac-BE0E8AC46FE800CC": "11.6.2", 
 "Mac-00BE6ED71E35EB86": "10.15.7", 
 "Mac-4B7AC7E43945597E": "10.15.7", 
 "Mac-CAD6701F7CEA0921": "latest", 
 "Mac-63001698E7A34814": "latest", 
 "Mac-937CB26E2E02BB01": "latest", 
 "Mac-FFE5EF870D7BA81A": "latest", 
 "Mac-53FDB3D8DB8CA971": "latest", 
 "Mac-A61BADE1FDAD7B05": "latest", 
 "Mac-42FD25EABCABB274": "11.6.2", 
 "Mac-827FAC58A8FDFA22": "latest", 
 "Mac-1E7E29AD0135F9BC": "latest", 
 "Mac-3CBD00234E554E41": "11.6.2", 
 "Mac-66F35F19FE2A0D05": "10.15.7", 
 "Mac-189A3D4F975D5FFC": "11.6.2", 
 "Mac-B4831CEBD52A0C4C": "latest", 
 "Mac-C08A6BB70A942AC2": "10.13.6", 
 "Mac-8ED6AF5B48C039E1": "10.13.6", 
 "Mac-FC02E91DDD3FA6A4": "10.15.7", 
 "Mac-06F11FD93F0323C5": "latest", 
 "Mac-9AE82516C7C6B903": "latest", 
 "Mac-6F01561E16C75D06": "10.15.7", 
 "Mac-F60DEB81FF30ACF6": "latest", 
 "Mac-473D31EABEB93F9B": "latest", 
 "Mac-F22589C8": "10.13.6", 
 "Mac-0CFF9C7C2B63DF8D": "latest", 
 "Mac-CFF7D910A743CAAF": "latest", 
 "Mac-942C5DF58193131B": "10.13.6", 
 "Mac-77F17D7DA9285301": "latest", 
 "Mac-9F18E312C5C2BF0B": "latest", 
 "Mac-E1008331FDC96864": "latest", 
 "Mac-E7203C0F68AA0004": "latest", 
 "Mac-742912EFDBEE19B3": "10.13.6", 
 "Mac-27ADBB7B4CEE8E61": "10.15.7", 
 "Mac-F65AE981FFA204ED": "10.15.7", 
 "Mac-031AEE4D24BFF0B1": "10.15.7", 
 "Mac-4B682C642B45593E": "latest", 
 "Mac-DB15BD556843C820": "latest", 
 "Mac-937A206F2EE63C01": "latest", 
 "Mac-81E3E92DD6088272": "11.6.2", 
 "Mac-E43C1C25D4880AD6": "latest", 
 "Mac-942452F5819B1C1B": "10.13.6", 
 "Mac-65CE76090165799A": "latest", 
 "Mac-551B86E5744E2388": "latest", 
 "Mac-BE088AF8C5EB4FA2": "latest", 
 "Mac-A5C67F76ED83108C": "latest", 
 "Mac-5F9802EFE386AA28": "latest", 
 "Mac-AF89B6D9451A490B": "latest", 
 "Mac-94245B3640C91C81": "10.13.6", 
 "Mac-EE2EBD4B90B839A8": "latest", 
 "Mac-4BC72D62AD45599E": "10.13.6", 
 "Mac-2BD1B31983FE1663": "11.6.2", 
 "Mac-7DF21CB3ED6977E5": "11.6.2", 
 "Mac-A369DDC4E67F1C45": "latest", 
 "Mac-94245A3940C91C80": "10.13.6", 
 "Mac-C3EC7CD22292981F": "10.15.7", 
 "Mac-35C5E08120C7EEAF": "latest", 
 "Mac-942B5BF58194151B": "10.13.6"
}